fname	pi (mean)	pi (std)	sig2_beta (mean)	sig2_beta (std)	sig2_zero (mean)	sig2_zero (std)	h2 (mean)	h2 (std)	nc@p9 (mean)	nc@p9 (std)	AIC	BIC
PGC_AN_2019.test.json	0.002060420359157919	0.0001183194210343904	4.399134811829542e-05	2.3777140624308074e-06	1.0641038449584648	0.0009009091895118359	0.21548002497200555	0.005484972391528433	7240.421661024486	415.78044750411874	23.862830336770276	34.034195121010995
