fname	trait1	trait2	dice (mean)	dice (std)	pi1 (mean)	pi1 (std)	pi2 (mean)	pi2 (std)	pi12 (mean)	pi12 (std)	nc1@p9 (mean)	nc1@p9 (std)	nc2@p9 (mean)	nc2@p9 (std)	nc12@p9 (mean)	nc12@p9 (std)	rho_zero (mean)	rho_zero (std)	rho_beta (mean)	rho_beta (std)	rg (mean)	rg (std)	fraction_concordant_within_shared (mean)	fraction_concordant_within_shared (std)	best_vs_min_AIC	best_vs_min_BIC	best_vs_max_AIC	best_vs_max_BIC
AN_2019_qc_noMHC_vs_EA_2022_qc_noMHC.fit.json	PGC_AN_2019_qc_noMHC.csv.gz	EA_2022_qc_noMHC.csv.gz	0.7123891359256282	0.02742016353790232	3.2991621831542173e-05	3.0756181652499115e-05	0.0016007760771721662	0.0001312070108536514	0.002027428737326377	0.00011379742992841853	115.93423268203985	108.0787824957086	5625.208337751059	461.0680918777706	7124.487428342446	399.88994137069074	-0.01652001002122233	0.002300970580642388	-0.38024300082442003	0.019796373580981512	-0.28153683005055047	0.009287099841276921	0.3758101447306698	0.006822950087199739	32.30773248268524	22.985240809423214	-0.3455538925132714	-9.6680455657753
AN_2019_qc_noMHC_vs_EA_2022_qc_noMHC.test.json	PGC_AN_2019_qc_noMHC.csv.gz	EA_2022_qc_noMHC.csv.gz	0.7123891359256282	0.02742016353790232	3.2991621831542173e-05	3.0756181652499115e-05	0.0016007760771721662	0.0001312070108536514	0.002027428737326377	0.00011379742992841853	115.93423268203985	108.0787824957086	5625.208337751059	461.0680918777706	7124.487428342446	399.88994137069074	-0.01590695221836197	0.0007179802425943315	-0.38024300082442003	0.019796373580981512	-0.28153683005055047	0.009287099841276921	0.3758101447306698	0.006822950087199739				
