fname	pi (mean)	pi (std)	sig2_beta (mean)	sig2_beta (std)	sig2_zero (mean)	sig2_zero (std)	h2 (mean)	h2 (std)	nc@p9 (mean)	nc@p9 (std)	AIC	BIC
PGC_ASD_2017.test.json	0.0032235641864800887	0.0004161191454855797	2.6382333785105945e-05	3.0314238487557812e-06	1.0187376637762091	0.0007680010582608423	0.1998637787335474	0.0061558358835381004	11327.768073031522	1462.2637857122204	1.8728882277791854	12.426526686031139
