fname	trait1	trait2	dice (mean)	dice (std)	pi1 (mean)	pi1 (std)	pi2 (mean)	pi2 (std)	pi12 (mean)	pi12 (std)	nc1@p9 (mean)	nc1@p9 (std)	nc2@p9 (mean)	nc2@p9 (std)	nc12@p9 (mean)	nc12@p9 (std)	rho_zero (mean)	rho_zero (std)	rho_beta (mean)	rho_beta (std)	rg (mean)	rg (std)	fraction_concordant_within_shared (mean)	fraction_concordant_within_shared (std)	best_vs_min_AIC	best_vs_min_BIC	best_vs_max_AIC	best_vs_max_BIC
PGC_AN_2019_qc_noMHC_vs_ADHD_2022_noMHC_it1.fit.json	PGC_AN_2019_qc_noMHC.csv.gz	PGC_ADHD_2022_qc_noMHC.csv.gz	0.711704619911869	0.10144605316853446	0.000546055484359194	0.0002374142750667841	0.0006295610812571781	0.00020715402083942437	0.0014613532667888023	0.00024287721015412233	1918.8666717947622	834.2858058986106	2212.309575282693	727.9497375317524	5135.269509563016	853.4828369138253	-0.06241394154069855	0.0028177140708382027	-0.14024210382746827	0.025307456171457573	-0.09804817763320957	0.012606724400540711	0.4551969173221561	0.008143327750579245	7.398743678160827	-1.8875149740147694	0.17505368235870264	-9.111204969816892
PGC_AN_2019_qc_noMHC_vs_ADHD_2022_noMHC_it1.test.json	PGC_AN_2019_qc_noMHC.csv.gz	PGC_ADHD_2022_qc_noMHC.csv.gz	0.711704619911869	0.10144605316853446	0.000546055484359194	0.0002374142750667841	0.0006295610812571781	0.00020715402083942437	0.0014613532667888023	0.00024287721015412233	1918.8666717947622	834.2858058986106	2212.309575282693	727.9497375317524	5135.269509563016	853.4828369138253	-0.05372345676498047	0.0006121960364241512	-0.14024210382746827	0.025307456171457573	-0.09804817763320957	0.012606724400540711	0.4551969173221561	0.008143327750579245				
