fname	trait1	trait2	dice (mean)	dice (std)	pi1 (mean)	pi1 (std)	pi2 (mean)	pi2 (std)	pi12 (mean)	pi12 (std)	nc1@p9 (mean)	nc1@p9 (std)	nc2@p9 (mean)	nc2@p9 (std)	nc12@p9 (mean)	nc12@p9 (std)	rho_zero (mean)	rho_zero (std)	rho_beta (mean)	rho_beta (std)	rg (mean)	rg (std)	fraction_concordant_within_shared (mean)	fraction_concordant_within_shared (std)	best_vs_min_AIC	best_vs_min_BIC	best_vs_max_AIC	best_vs_max_BIC
PGC_AN_2019_qc_noMHC_vs_ADHD_2022_noMHC_it3.fit.json	PGC_AN_2019_qc_noMHC.csv.gz	PGC_ADHD_2022_qc_noMHC.csv.gz	0.8065737358704299	0.0821738010971822	0.0003936315585467866	0.0001504497479736839	0.00039632815925143186	0.0002116820556692443	0.0016615971946437283	0.00020367067622825816	1383.241264481478	528.6880462438907	1392.717256148066	743.8614816173623	5838.936829818955	715.7090878684921	-0.06299702478114064	0.002662445295654938	-0.12130986572877182	0.025930061885390113	-0.09665514920356086	0.016554458889033365	0.46127666777340115	0.00832514419909427	8.411599711090094	-0.8742879048397899	-0.16969313093286473	-9.455580746862747
PGC_AN_2019_qc_noMHC_vs_ADHD_2022_noMHC_it3.test.json	PGC_AN_2019_qc_noMHC.csv.gz	PGC_ADHD_2022_qc_noMHC.csv.gz	0.8065737358704299	0.0821738010971822	0.0003936315585467866	0.0001504497479736839	0.00039632815925143186	0.0002116820556692443	0.0016615971946437283	0.00020367067622825816	1383.241264481478	528.6880462438907	1392.717256148066	743.8614816173623	5838.936829818955	715.7090878684921	-0.053775381582892766	0.0008214881107004326	-0.12130986572877182	0.025930061885390113	-0.09665514920356086	0.016554458889033365	0.46127666777340115	0.00832514419909427				
