fname	trait1	trait2	dice (mean)	dice (std)	pi1 (mean)	pi1 (std)	pi2 (mean)	pi2 (std)	pi12 (mean)	pi12 (std)	nc1@p9 (mean)	nc1@p9 (std)	nc2@p9 (mean)	nc2@p9 (std)	nc12@p9 (mean)	nc12@p9 (std)	rho_zero (mean)	rho_zero (std)	rho_beta (mean)	rho_beta (std)	rg (mean)	rg (std)	fraction_concordant_within_shared (mean)	fraction_concordant_within_shared (std)	best_vs_min_AIC	best_vs_min_BIC	best_vs_max_AIC	best_vs_max_BIC
PGC_AN_2019_qc_noMHC_vs_ADHD_2022_noMHC_it4.fit.json	PGC_AN_2019_qc_noMHC.csv.gz	PGC_ADHD_2022_qc_noMHC.csv.gz	0.7415641686548451	0.10016483012456061	0.0004712723885763154	0.00021607296569132686	0.0005823843253358891	0.0002500318423531791	0.001514769864534381	0.0002240533455917298	1656.075079691628	759.2913621726532	2046.5280618399854	878.6245773943382	5322.978143704733	787.3348219634004	-0.06276635602344935	0.0022915065088316235	-0.13386813970015687	0.02223049185926197	-0.09822420679888018	0.014188297294380325	0.45724890791872463	0.007149233601700128	8.786556331906468	-0.5001953829136264	-0.3881418073811801	-9.674893522201273
PGC_AN_2019_qc_noMHC_vs_ADHD_2022_noMHC_it4.test.json	PGC_AN_2019_qc_noMHC.csv.gz	PGC_ADHD_2022_qc_noMHC.csv.gz	0.7415641686548451	0.10016483012456061	0.0004712723885763154	0.00021607296569132686	0.0005823843253358891	0.0002500318423531791	0.001514769864534381	0.0002240533455917298	1656.075079691628	759.2913621726532	2046.5280618399854	878.6245773943382	5322.978143704733	787.3348219634004	-0.053710110063363514	0.0007109540334688174	-0.13386813970015687	0.02223049185926197	-0.09822420679888018	0.014188297294380325	0.45724890791872463	0.007149233601700128				
