fname	trait1	trait2	dice (mean)	dice (std)	pi1 (mean)	pi1 (std)	pi2 (mean)	pi2 (std)	pi12 (mean)	pi12 (std)	nc1@p9 (mean)	nc1@p9 (std)	nc2@p9 (mean)	nc2@p9 (std)	nc12@p9 (mean)	nc12@p9 (std)	rho_zero (mean)	rho_zero (std)	rho_beta (mean)	rho_beta (std)	rg (mean)	rg (std)	fraction_concordant_within_shared (mean)	fraction_concordant_within_shared (std)	best_vs_min_AIC	best_vs_min_BIC	best_vs_max_AIC	best_vs_max_BIC
PGC_AN_2019_qc_noMHC_vs_HEIGHT_noMHC.fit.json	PGC_AN_2019_qc_noMHC.csv.gz	PGC_HEIGHT_qc_noMHC.csv.gz	0.13628534512124096	0.06605211022940662	0.0018268569202279307	0.00014827400624268882	0.00112829560175246	0.00011512992653367071	0.00023356343892998828	0.00011323737018369565	6419.66788865194	521.042379432323	3964.887979609134	404.5724020351021	820.7537723725454	397.9218630175838	-0.0019197118123944923	0.00778585456597379	-0.11925165207992965	0.1571200980943264	-0.012685153122343584	0.015098507982831638	0.46140059071062084	0.051090090843955945	5.419114113182877	-3.281580224671786	56.20391267869563	47.50321834084097
PGC_AN_2019_qc_noMHC_vs_HEIGHT_noMHC.test.json	PGC_AN_2019_qc_noMHC.csv.gz	PGC_HEIGHT_qc_noMHC.csv.gz	0.13628534512124096	0.06605211022940662	0.0018268569202279307	0.00014827400624268882	0.00112829560175246	0.00011512992653367071	0.00023356343892998828	0.00011323737018369565	6419.66788865194	521.042379432323	3964.887979609134	404.5724020351021	820.7537723725454	397.9218630175838	-0.0006325453531579372	0.0028314215025334252	-0.11925165207992965	0.1571200980943264	-0.012685153122343584	0.015098507982831638	0.46140059071062084	0.051090090843955945				
