fname	trait1	trait2	dice (mean)	dice (std)	pi1 (mean)	pi1 (std)	pi2 (mean)	pi2 (std)	pi12 (mean)	pi12 (std)	nc1@p9 (mean)	nc1@p9 (std)	nc2@p9 (mean)	nc2@p9 (std)	nc12@p9 (mean)	nc12@p9 (std)	rho_zero (mean)	rho_zero (std)	rho_beta (mean)	rho_beta (std)	rg (mean)	rg (std)	fraction_concordant_within_shared (mean)	fraction_concordant_within_shared (std)	best_vs_min_AIC	best_vs_min_BIC	best_vs_max_AIC	best_vs_max_BIC
PGC_AN_2019_qc_noMHC_vs_THIN_noMHC.fit.json	PGC_AN_2019_qc_noMHC.csv.gz	PGC_THIN_qc_noMHC.csv.gz	0.13971658454954067	0.06890362429460264	0.001700067290467044	0.00041257171189092135	0.0029240377681389335	0.0064583708432212	0.0003603530686908746	0.0004189055643771395	5974.122698014637	1449.7979241099267	10275.217044904077	22695.04275685706	1266.2989630098489	1472.0554030438323	-0.0010737065633420252	0.002504907975935839	-0.7886848449476602	0.20470889755139668	-0.15419865565484872	0.04219120601667749	0.1795548568261462	0.11818064016842987	-1.3403021258418448	-10.696385379310316	-0.9620654199825367	-10.318148673451008
PGC_AN_2019_qc_noMHC_vs_ADHD_2022_noMHC.test.json	PGC_AN_2019_qc_noMHC.csv.gz	PGC_ADHD_2022_qc_noMHC.csv.gz	0.7620210050148255	0.10897381962428901	0.0004736208060756945	0.00025633708729206267	0.0005205089610422394	0.00021829790865234897	0.0015867995530822244	0.00022783090092591869	1664.3275379126203	900.7815279557352	1829.094892960496	767.1099246023666	5576.094123111866	800.6093430317896	-0.05396110783428376	0.0005384156878165513	-0.12415922059171045	0.01810643551424378	-0.0932809788184464	0.01092834255331923	0.46037008684150155	0.005807634898979362				
