fname	trait1	trait2	dice (mean)	dice (std)	pi1 (mean)	pi1 (std)	pi2 (mean)	pi2 (std)	pi12 (mean)	pi12 (std)	nc1@p9 (mean)	nc1@p9 (std)	nc2@p9 (mean)	nc2@p9 (std)	nc12@p9 (mean)	nc12@p9 (std)	rho_zero (mean)	rho_zero (std)	rho_beta (mean)	rho_beta (std)	rg (mean)	rg (std)	fraction_concordant_within_shared (mean)	fraction_concordant_within_shared (std)	best_vs_min_AIC	best_vs_min_BIC	best_vs_max_AIC	best_vs_max_BIC
PGC_AN_2019_qc_noMHC_vs_BMI_noMHC.fit.json	PGC_AN_2019_qc_noMHC.csv.gz	PGC_BMI_qc_noMHC.csv.gz	0.7905268631318899	0.03135024052276315	3.645127662894919e-05	2.4761369667975256e-05	0.0010335521564065367	0.0001513588580745573	0.0020239690825289694	0.00011689832843484808	128.09163513803702	87.0127090832642	3631.9547066128084	531.8827052547879	7112.330025886449	410.78665602156264	-0.032892548127460106	0.003514101438161048	-0.41560035758672453	0.027804613510660384	-0.334462080816056	0.013296606661071205	0.3635007402544619	0.009810505010951803	27.13290402853454	18.252950850255743	1.8889626409305493	-6.99099053734825
PGC_AN_2019_qc_noMHC_vs_BMI_noMHC.test.json	PGC_AN_2019_qc_noMHC.csv.gz	PGC_BMI_qc_noMHC.csv.gz	0.7905268631318899	0.03135024052276315	3.645127662894919e-05	2.4761369667975256e-05	0.0010335521564065367	0.0001513588580745573	0.0020239690825289694	0.00011689832843484808	128.09163513803702	87.0127090832642	3631.9547066128084	531.8827052547879	7112.330025886449	410.78665602156264	-0.03157511922136298	0.0018863952153021044	-0.41560035758672453	0.027804613510660384	-0.334462080816056	0.013296606661071205	0.3635007402544619	0.009810505010951803				
