fname	trait1	trait2	dice (mean)	dice (std)	pi1 (mean)	pi1 (std)	pi2 (mean)	pi2 (std)	pi12 (mean)	pi12 (std)	nc1@p9 (mean)	nc1@p9 (std)	nc2@p9 (mean)	nc2@p9 (std)	nc12@p9 (mean)	nc12@p9 (std)	rho_zero (mean)	rho_zero (std)	rho_beta (mean)	rho_beta (std)	rg (mean)	rg (std)	fraction_concordant_within_shared (mean)	fraction_concordant_within_shared (std)	best_vs_min_AIC	best_vs_min_BIC	best_vs_max_AIC	best_vs_max_BIC
PGC_AN_2019_qc_noMHC_vs_ADHD_2022_noMHC_it2.fit.json	PGC_AN_2019_qc_noMHC.csv.gz	PGC_ADHD_2022_qc_noMHC.csv.gz	0.7917793875967967	0.09703302252557176	0.00040767412448651367	0.00021224122629441073	0.0004432170408641303	0.0002027010840161389	0.0016315907845723641	0.00023318159220742278	1432.587553530922	745.8264355592456	1557.487164667386	712.3018916506009	5733.492782693016	819.4119436195117	-0.06235031707456984	0.002449581829531918	-0.1267546616872611	0.022124240584331326	-0.09930843298081835	0.01421515567221626	0.459533313932306	0.0071093468177648635	8.49606793205312	-0.7900003998343857	-0.2104798439773731	-9.496548175864877
PGC_AN_2019_qc_noMHC_vs_ADHD_2022_noMHC_it2.test.json	PGC_AN_2019_qc_noMHC.csv.gz	PGC_ADHD_2022_qc_noMHC.csv.gz	0.7917793875967967	0.09703302252557176	0.00040767412448651367	0.00021224122629441073	0.0004432170408641303	0.0002027010840161389	0.0016315907845723641	0.00023318159220742278	1432.587553530922	745.8264355592456	1557.487164667386	712.3018916506009	5733.492782693016	819.4119436195117	-0.05364716770652813	0.0007126058887910074	-0.1267546616872611	0.022124240584331326	-0.09930843298081835	0.01421515567221626	0.459533313932306	0.0071093468177648635				
