fname	trait1	trait2	dice (mean)	dice (std)	pi1 (mean)	pi1 (std)	pi2 (mean)	pi2 (std)	pi12 (mean)	pi12 (std)	nc1@p9 (mean)	nc1@p9 (std)	nc2@p9 (mean)	nc2@p9 (std)	nc12@p9 (mean)	nc12@p9 (std)	rho_zero (mean)	rho_zero (std)	rho_beta (mean)	rho_beta (std)	rg (mean)	rg (std)	fraction_concordant_within_shared (mean)	fraction_concordant_within_shared (std)	best_vs_min_AIC	best_vs_min_BIC	best_vs_max_AIC	best_vs_max_BIC
PGC_AN_2019_qc_noMHC_vs_ADHD_2022_noMHC.fit.json	PGC_AN_2019_qc_noMHC.csv.gz	PGC_ADHD_2022_qc_noMHC.csv.gz	0.7620210050148255	0.10897381962428901	0.0004736208060756945	0.00025633708729206267	0.0005205089610422394	0.00021829790865234897	0.0015867995530822244	0.00022783090092591869	1664.3275379126203	900.7815279557352	1829.094892960496	767.1099246023666	5576.094123111866	800.6093430317896	-0.0628819379107344	0.0020752597464960146	-0.12415922059171045	0.01810643551424378	-0.0932809788184464	0.01092834255331923	0.46037008684150155	0.005807634898979362	8.639155565632972	-0.6466716122700439	-0.1705143664847128	-9.45634154438773
PGC_AN_2019_qc_noMHC_vs_ADHD_2022_noMHC.test.json	PGC_AN_2019_qc_noMHC.csv.gz	PGC_ADHD_2022_qc_noMHC.csv.gz	0.7620210050148255	0.10897381962428901	0.0004736208060756945	0.00025633708729206267	0.0005205089610422394	0.00021829790865234897	0.0015867995530822244	0.00022783090092591869	1664.3275379126203	900.7815279557352	1829.094892960496	767.1099246023666	5576.094123111866	800.6093430317896	-0.05396110783428376	0.0005384156878165513	-0.12415922059171045	0.01810643551424378	-0.0932809788184464	0.01092834255331923	0.46037008684150155	0.005807634898979362				
