fname	trait1	trait2	dice (mean)	dice (std)	pi1 (mean)	pi1 (std)	pi2 (mean)	pi2 (std)	pi12 (mean)	pi12 (std)	nc1@p9 (mean)	nc1@p9 (std)	nc2@p9 (mean)	nc2@p9 (std)	nc12@p9 (mean)	nc12@p9 (std)	rho_zero (mean)	rho_zero (std)	rho_beta (mean)	rho_beta (std)	rg (mean)	rg (std)	fraction_concordant_within_shared (mean)	fraction_concordant_within_shared (std)	best_vs_min_AIC	best_vs_min_BIC	best_vs_max_AIC	best_vs_max_BIC
PGC_AN_2019_qc_noMHC_vs_ASD_2017_noMHC.fit.json	PGC_AN_2019_qc_noMHC.csv.gz	PGC_ASD_2017_qc_noMHC.csv.gz	0.7703887608579916	0.06255896064534533	3.520680493999396e-05	3.166055108892043e-05	0.001198350632262164	0.00041707099526271574	0.002025213554217925	0.00012461787450045687	123.71849849473297	111.2567825712415	4211.0649105017665	1465.60863411356	7116.703162529753	437.91353248552525	-0.0898814301563458	0.0016493034863415692	-0.3243328796272716	0.023350703951813923	-0.2552621319553794	0.012263903131728057	0.3948271124007332	0.007853986644183956	2.6933078197966096	-6.652769155326327	-1.480315707658883	-10.826392682781819
PGC_AN_2019_qc_noMHC_vs_ASD_2017_noMHC.test.json	PGC_AN_2019_qc_noMHC.csv.gz	PGC_ASD_2017_qc_noMHC.csv.gz	0.7703887608579916	0.06255896064534533	3.520680493999396e-05	3.166055108892043e-05	0.001198350632262164	0.00041707099526271574	0.002025213554217925	0.00012461787450045687	123.71849849473297	111.2567825712415	4211.0649105017665	1465.60863411356	7116.703162529753	437.91353248552525	-0.08800246283222736	0.00041229943926226765	-0.3243328796272716	0.023350703951813923	-0.2552621319553794	0.012263903131728057	0.3948271124007332	0.007853986644183956				
