fname	trait1	trait2	dice (mean)	dice (std)	pi1 (mean)	pi1 (std)	pi2 (mean)	pi2 (std)	pi12 (mean)	pi12 (std)	nc1@p9 (mean)	nc1@p9 (std)	nc2@p9 (mean)	nc2@p9 (std)	nc12@p9 (mean)	nc12@p9 (std)	rho_zero (mean)	rho_zero (std)	rho_beta (mean)	rho_beta (std)	rg (mean)	rg (std)	fraction_concordant_within_shared (mean)	fraction_concordant_within_shared (std)	best_vs_min_AIC	best_vs_min_BIC	best_vs_max_AIC	best_vs_max_BIC
PGC_AN_2019_qc_noMHC_vs_ADHD_2022_noMHC_it5.fit.json	PGC_AN_2019_qc_noMHC.csv.gz	PGC_ADHD_2022_qc_noMHC.csv.gz	0.7742198462820535	0.09223561012513806	0.00042543484909362135	0.00020035184040834825	0.0005016551253329507	0.00020842774041562938	0.0015839053763432001	0.00019517410702476134	1494.999640748575	704.0465304427441	1762.8415578795314	732.4256527345096	5565.923839238031	685.8517126819382	-0.06294529939502137	0.001794116265348538	-0.1316636302481537	0.021998849357294036	-0.10048692795995504	0.011177439904468232	0.4579574767406253	0.00706952506521965	8.021357181400527	-1.2645042923293475	0.018454188338364475	-9.26740728539151
PGC_AN_2019_qc_noMHC_vs_ADHD_2022_noMHC_it5.test.json	PGC_AN_2019_qc_noMHC.csv.gz	PGC_ADHD_2022_qc_noMHC.csv.gz	0.7742198462820535	0.09223561012513806	0.00042543484909362135	0.00020035184040834825	0.0005016551253329507	0.00020842774041562938	0.0015839053763432001	0.00019517410702476134	1494.999640748575	704.0465304427441	1762.8415578795314	732.4256527345096	5565.923839238031	685.8517126819382	-0.05359819780933987	0.00054534761584584	-0.1316636302481537	0.021998849357294036	-0.10048692795995504	0.011177439904468232	0.4579574767406253	0.00706952506521965				
