fname	pi (mean)	pi (std)	sig2_beta (mean)	sig2_beta (std)	sig2_zero (mean)	sig2_zero (std)	h2 (mean)	h2 (std)	nc@p9 (mean)	nc@p9 (std)	AIC	BIC
PGC_THIN.test.json	0.0032843908368298085	0.0068334124824226605	0.00046140329087268253	0.0003299615252691525	0.9831589938109472	0.0005784674608181098	0.3320192518850521	0.05056291772155636	11541.516007913928	24012.958101748223	-4.912911871995311	6.159721871290822
